variant,scope,batch,sequence,median_p50_ms,min_p50_ms,max_p50_ms,median_p95_ms,min_p95_ms,max_p95_ms,median_examples_per_second
onnx_fp32,inference_only,1,32,42.32445,41.6192,45.6626,54.3101,52.239815,58.432125,23.091032052753956
onnx_fp32,tokenization_plus_inference,1,32,43.7591,41.72105,45.65015,70.32018500000004,55.62274,70.89022000000026,21.771315775485615
onnx_fp32,inference_only,1,128,149.35835,147.73465,150.63475,255.18822,195.94274,311.0785700000002,6.40815116828606
onnx_fp32,tokenization_plus_inference,1,128,144.025,136.92425,146.94195,195.45114000000004,170.867375,253.09513,6.490565192737739
onnx_fp32,inference_only,1,256,309.6518,293.37755,317.55235,393.33136,340.503395,406.3261100000001,3.128604592450524
onnx_fp32,tokenization_plus_inference,1,256,305.82105,286.50905,306.9589,367.68102,337.5981550000001,410.16671500000007,3.2165026657730795
onnx_int8,inference_only,1,32,16.2002,15.4537,18.30945,34.68974,30.776690000000034,36.17997000000001,51.61915214045654
onnx_int8,tokenization_plus_inference,1,32,14.32005,14.12665,15.2986,21.774465000000003,20.23668000000001,28.78289500000003,62.84805053988832
onnx_int8,inference_only,1,128,51.37035,51.34505,52.7425,67.17338500000001,66.213445,91.85636,18.549790889598537
onnx_int8,tokenization_plus_inference,1,128,58.32835,55.14075,59.38415,78.067595,75.06407000000002,102.09668500000001,16.545451243884955
onnx_int8,inference_only,1,256,127.38795,121.0821,133.2219,167.021755,154.06187500000004,200.106315,7.503000524939929
onnx_int8,tokenization_plus_inference,1,256,126.82855,117.09365,130.3553,154.9304850000001,154.9304,161.781755,7.712052117801426
pytorch_fp32,inference_only,1,32,56.87965,56.81245,63.32655,78.298495,75.08199,154.37462500000004,16.708231874335716
pytorch_fp32,tokenization_plus_inference,1,32,59.81315,58.51295,66.1415,93.30311,78.68269,157.20127000000002,15.416782976658736
pytorch_fp32,inference_only,1,128,162.9857,160.8082,171.6375,206.40184500000004,198.554945,503.6748950000002,5.962346784344948
pytorch_fp32,tokenization_plus_inference,1,128,164.6499,161.7744,166.8726,222.50497500000012,190.39924,292.9504250000001,5.73563565113276
pytorch_fp32,inference_only,1,256,341.0434,324.4673,391.0394,505.18973,389.3656350000006,735.16138,2.8772975951411466
pytorch_fp32,tokenization_plus_inference,1,256,323.91655,293.85995,334.4308,441.8695550000001,326.0782950000001,630.6966050000001,2.901676292590877
